b,m0,gamma_kbar,sigma
5.58614679587748,1.32708238087822,0.95636267318244,0.186599634641226
5.37916503076582,1.34006012887179,0.99999,0.18340758943203
1.52896591076585,1.22794604544946,0.780161126518585,0.90683197235549
2.3995115293058,1.35306994243257,0.922579009708375,1.18080139702543
